{"cameraMode":{"drawMode":0,"name":"Shaded","section":"Shading Mode"},"sceneLighting":true,"audioPlay":false,"sceneViewState":{"m_AlwaysRefresh":false,"showFog":true,"showSkybox":true,"showFlares":true,"showImageEffects":true,"showParticleSystems":true,"showVisualEffectGraphs":true,"m_FxEnabled":true},"in2DMode":false,"pivot":{"x":-2.9396636486053469,"y":-6.210174560546875,"z":33.69401168823242},"rotation":{"x":-0.00736425444483757,"y":0.9562926888465881,"z":-0.29143092036247256,"w":-0.024096788838505746},"size":22.360387802124025,"orthographic":false}